"Umsatz getätigt von";"Belegdatum";"Buchungsdatum";"Originalbetrag";"Originalwährung";"Umrechnungskurs";"Buchungsbetrag";"Buchungswährung";"Transaktionsbeschreibung";"Transaktionsbeschreibung Zusatz";"Buchungsreferenz";"Gebührenschlüssel";"Länderkennzeichen";"BAR-Entgelt+Buchungsreferenz";"AEE+Buchungsreferenz";"Abrechnungskennzeichen"
"0000 **** **** 0000";"21.09.26";"22.09.26";"0,00";"";"1,00";"-42,46";"EUR";"Rewe Muster";"Ort 01";"101";"5411";"";"";"";""
"0000 **** **** 0000";"18.09.26";"21.09.26";"0,00";"";"1,00";"-248,57";"EUR";"Kaufland Muster";"Ort 02";"102";"5411";"";"";"";""
"0000 **** **** 0000";"19.09.26";"21.09.26";"0,00";"";"1,00";"-13,52";"EUR";"Händler 001";"Ort 03";"103";"5422";"";"";"";""
"0000 **** **** 0000";"18.09.26";"21.09.26";"0,00";"";"1,00";"-54,41";"EUR";"Händler 002";"Ort 04";"104";"5411";"";"";"";""
"0000 **** **** 0000";"19.09.26";"21.09.26";"0,00";"";"1,00";"-38,63";"EUR";"Rewe Muster";"Ort 01";"105";"5411";"";"";"";""
"0000 **** **** 0000";"19.09.26";"21.09.26";"0,00";"";"1,00";"-40,79";"EUR";"Händler 003";"Ort 03";"106";"5411";"";"";"";""
"0000 **** **** 0000";"30.08.26";"21.09.26";"0,00";"";"1,00";"-43,37";"EUR";"Händler 004";"Ort 05";"107";"5045";"";"";"";""
"0000 **** **** 0000";"18.09.26";"21.09.26";"0,00";"";"1,00";"-34,87";"EUR";"Dm Muster";"Ort 06";"108";"5912";"";"";"";""
"0000 **** **** 0000";"17.09.26";"18.09.26";"0,00";"";"1,00";"-48,96";"EUR";"Aldi Muster";"Ort 01";"109";"5411";"";"";"";""
"0000 **** **** 0000";"17.09.26";"18.09.26";"0,00";"";"1,00";"-1,02";"EUR";"Händler 005";"Ort 02";"110";"5462";"";"";"";""
"0000 **** **** 0000";"16.09.26";"17.09.26";"0,00";"";"1,00";"-39,71";"EUR";"Esso Muster";"Ort 01";"111";"5541";"";"";"";""
"0000 **** **** 0000";"16.09.26";"17.09.26";"0,00";"";"1,00";"-2,08";"EUR";"Händler 006";"Ort 07";"112";"5311";"";"";"";""
"0000 **** **** 0000";"16.09.26";"17.09.26";"0,00";"";"1,00";"-45,68";"EUR";"Händler 003";"Ort 03";"113";"5411";"";"";"";""
"0000 **** **** 0000";"16.09.26";"17.09.26";"0,00";"";"1,00";"-22,41";"EUR";"Händler 007";"Ort 01";"114";"5712";"";"";"";""
"0000 **** **** 0000";"16.09.26";"17.09.26";"0,00";"";"1,00";"-15,48";"EUR";"Händler 008";"Ort 01";"115";"5945";"";"";"";""
"0000 **** **** 0000";"15.09.26";"16.09.26";"0,00";"";"1,00";"-2,78";"EUR";"Händler 005";"Ort 02";"116";"5462";"";"";"";""
"0000 **** **** 0000";"14.09.26";"15.09.26";"0,00";"";"1,00";"-135,79";"EUR";"Shell Muster";"Ort 08";"117";"5541";"";"";"";""
"0000 **** **** 0000";"14.09.26";"15.09.26";"0,00";"";"1,00";"-26,54";"EUR";"Händler 009";"Ort 09";"118";"7998";"";"";"";""
"0000 **** **** 0000";"11.09.26";"14.09.26";"0,00";"";"1,00";"-4,58";"EUR";"Paypal Muster";"Ort 10";"119";"4899";"";"";"";""
"0000 **** **** 0000";"14.09.26";"14.09.26";"0,00";"";"1,00";"2232,77";"EUR";"Lastschrift";"";"120";"";"";"";"";""
"0000 **** **** 0000";"12.09.26";"14.09.26";"0,00";"";"1,00";"-27,11";"EUR";"Händler 010";"Ort 01";"121";"5651";"";"";"";""
"0000 **** **** 0000";"12.09.26";"14.09.26";"0,00";"";"1,00";"-144,14";"EUR";"Aldi Muster";"Ort 01";"122";"5411";"";"";"";""
"0000 **** **** 0000";"08.09.26";"09.09.26";"0,00";"";"1,00";"-12,95";"EUR";"Händler 011";"Ort 11";"123";"5734";"";"";"";""
"0000 **** **** 0000";"08.09.26";"09.09.26";"0,00";"";"1,00";"-26,78";"EUR";"Dm Muster";"Ort 01";"124";"5912";"";"";"";""
"0000 **** **** 0000";"05.09.26";"07.09.26";"0,00";"";"1,00";"-40,90";"EUR";"Ikea Muster";"Ort 02";"125";"5712";"";"";"";""
"0000 **** **** 0000";"03.09.26";"04.09.26";"0,00";"";"1,00";"-32,16";"EUR";"Händler 012";"Ort 12";"126";"5651";"";"";"";""
"0000 **** **** 0000";"02.09.26";"03.09.26";"0,00";"";"1,00";"-16,82";"EUR";"Shell Muster";"Ort 01";"127";"5541";"";"";"";""
"0000 **** **** 0000";"03.09.26";"03.09.26";"0,00";"";"1,00";"-3,32";"EUR";"Easypark Muster";"Ort 13";"128";"7523";"";"";"";""
"0000 **** **** 0000";"02.09.26";"03.09.26";"0,00";"";"1,00";"-19,46";"EUR";"Händler 013";"Ort 02";"129";"5812";"";"";"";""
"0000 **** **** 0000";"30.08.26";"01.09.26";"0,00";"";"1,00";"-35,30";"EUR";"Aral Muster";"Ort 01";"130";"5541";"";"";"";""
"0000 **** **** 0000";"26.08.26";"27.08.26";"0,00";"";"1,00";"-105,66";"EUR";"Händler 014";"Ort 14";"131";"5542";"";"";"";""
"0000 **** **** 0000";"25.08.26";"26.08.26";"0,00";"";"1,00";"-40,47";"EUR";"Coop Muster";"Ort 15";"132";"5541";"";"";"";""
"0000 **** **** 0000";"24.08.26";"26.08.26";"-10,75";"CHF";"0,94";"-11,49";"EUR";"Händler 015";"Ort 16";"133";"7523";"";"";"";""
"0000 **** **** 0000";"24.08.26";"26.08.26";"0,00";"";"1,00";"-0,08";"EUR";"1% für Währungsumrechnung";"Verenahof AG, PARKING";"134";"7523";"";"";"";""
"0000 **** **** 0000";"25.08.26";"26.08.26";"0,00";"";"1,00";"-0,49";"EUR";"1% für Währungsumrechnung";"house-of-berries-gmbh";"135";"5812";"";"";"";""
"0000 **** **** 0000";"26.08.26";"26.08.26";"0,00";"";"1,00";"-3,54";"EUR";"Easypark Muster";"Ort 13";"136";"7523";"";"";"";""
"0000 **** **** 0000";"25.08.26";"26.08.26";"-70,43";"CHF";"0,94";"-75,31";"EUR";"Händler 016";"Ort 17";"137";"5812";"";"";"";""
"0000 **** **** 0000";"25.08.26";"26.08.26";"0,00";"";"1,00";"-87,22";"EUR";"Händler 017";"Ort 18";"138";"5499";"";"";"";""
"0000 **** **** 0000";"24.08.26";"25.08.26";"-109,01";"CHF";"0,93";"-116,68";"EUR";"Händler 018";"Ort 16";"139";"7298";"";"";"";""
"0000 **** **** 0000";"24.08.26";"25.08.26";"0,00";"";"1,00";"-11,81";"EUR";"Händler 019";"Ort 19";"140";"4814";"";"";"";""
"0000 **** **** 0000";"24.08.26";"25.08.26";"0,00";"";"1,00";"-60,55";"EUR";"Coop Muster";"Ort 15";"141";"5411";"";"";"";""
"0000 **** **** 0000";"24.08.26";"25.08.26";"-22,22";"CHF";"0,93";"-23,79";"EUR";"Händler 018";"Ort 16";"142";"7298";"";"";"";""
"0000 **** **** 0000";"21.08.26";"24.08.26";"0,00";"";"1,00";"-54,59";"EUR";"Händler 020";"Ort 02";"143";"5945";"";"";"";""
"0000 **** **** 0000";"23.08.26";"24.08.26";"-8,80";"CHF";"0,93";"-9,43";"EUR";"Händler 021";"Ort 20";"144";"5499";"";"";"";""
"0000 **** **** 0000";"23.08.26";"24.08.26";"-9,11";"CHF";"0,93";"-9,76";"EUR";"Händler 021";"Ort 20";"145";"5499";"";"";"";""
"0000 **** **** 0000";"21.08.26";"24.08.26";"0,00";"";"1,00";"-85,03";"EUR";"Händler 014";"Ort 14";"146";"5542";"";"";"";""
"0000 **** **** 0000";"23.08.26";"24.08.26";"-78,06";"CHF";"0,93";"-83,62";"EUR";"Händler 022";"Ort 20";"147";"5812";"";"";"";""
"0000 **** **** 0000";"22.08.26";"24.08.26";"0,00";"";"1,00";"-28,80";"EUR";"Coop Muster";"Ort 15";"148";"5411";"";"";"";""
"0000 **** **** 0000";"21.08.26";"21.08.26";"0,00";"";"1,00";"-49,87";"EUR";"Esso Muster";"Ort 21";"149";"5499";"";"";"";""
"0000 **** **** 0000";"19.08.26";"20.08.26";"0,00";"";"1,00";"-8,55";"EUR";"Händler 023";"Ort 01";"150";"5462";"";"";"";""
"0000 **** **** 0000";"19.08.26";"20.08.26";"0,00";"";"1,00";"-11,48";"EUR";"Händler 024";"Ort 01";"151";"5814";"";"";"";""
"0000 **** **** 0000";"14.08.26";"17.08.26";"0,00";"";"1,00";"-35,39";"EUR";"Shell Muster";"Ort 01";"152";"5541";"";"";"";""
"0000 **** **** 0000";"14.08.26";"14.08.26";"0,00";"";"1,00";"1182,72";"EUR";"Lastschrift";"";"153";"";"";"";"";""
"0000 **** **** 0000";"11.08.26";"11.08.26";"0,00";"";"1,00";"-5,24";"EUR";"Paypal Muster";"Ort 10";"154";"4899";"";"";"";""
"0000 **** **** 0000";"08.08.26";"10.08.26";"0,00";"";"1,00";"-73,43";"EUR";"Händler 025";"Ort 22";"155";"5542";"";"";"";""
"0000 **** **** 0000";"07.08.26";"10.08.26";"0,00";"";"1,00";"-82,79";"EUR";"Händler 020";"Ort 02";"156";"5945";"";"";"";""
"0000 **** **** 0000";"30.07.26";"31.07.26";"0,00";"";"1,00";"-9,73";"EUR";"Händler 026";"Ort 23";"157";"7999";"";"";"";""
"0000 **** **** 0000";"26.07.26";"28.07.26";"0,00";"";"1,00";"-27,26";"EUR";"Aral Muster";"Ort 01";"158";"5541";"";"";"";""
"0000 **** **** 0000";"26.07.26";"27.07.26";"0,00";"";"1,00";"-38,11";"EUR";"Händler 027";"Ort 02";"159";"5812";"";"";"";""
"0000 **** **** 0000";"24.07.26";"27.07.26";"0,00";"";"1,00";"-5,99";"EUR";"Händler 028";"Ort 01";"160";"5912";"";"";"";""
"0000 **** **** 0000";"26.07.26";"27.07.26";"0,00";"";"1,00";"-38,31";"EUR";"Händler 029";"Ort 24";"161";"5812";"";"";"";""
"0000 **** **** 0000";"26.07.26";"27.07.26";"0,00";"";"1,00";"-21,72";"EUR";"Händler 030";"Ort 25";"162";"7832";"";"";"";""
"0000 **** **** 0000";"17.07.26";"20.07.26";"0,00";"";"1,00";"-119,80";"EUR";"Paypal Muster";"Ort 10";"163";"6540";"";"";"";""
"0000 **** **** 0000";"17.07.26";"20.07.26";"0,00";"";"1,00";"-52,89";"EUR";"Mcdonald Muster";"Ort 26";"164";"5814";"";"";"";""
"0000 **** **** 0000";"16.07.26";"17.07.26";"0,00";"";"1,00";"-13,71";"EUR";"Händler 031";"Ort 27";"165";"5816";"";"";"";""
"0000 **** **** 0000";"16.07.26";"17.07.26";"0,00";"";"1,00";"-26,60";"EUR";"Händler 032";"Ort 28";"166";"4111";"";"";"";""
